id,user_id,product_name,price,test
21,7,ノートPC,98000.00,TEST
22,8,sample1,1.00,none
43,9,sample2,230.00,A
44,10,sample3,330.00,B
45,11,sample4,430.00,C
46,12,sample5,530.00,D
47,12,sample1,3838.57,A
50,7,sample01,100.00,A
51,7,sample02,200.00,B
52,7,sample03,300.00,C
53,7,sample04,400.00,A
54,7,sample05,500.00,B
55,7,sample06,600.00,C
56,7,sample07,700.00,A
57,7,sample08,800.00,B
58,7,sample09,900.00,C
59,7,sample10,1000.00,A
60,7,sample11,1100.00,B
61,7,sample12,1200.00,C
62,7,sample13,1300.00,A
63,7,sample14,1400.00,B
64,7,sample15,1500.00,C
65,7,sample16,1600.00,A
66,7,sample17,1700.00,B
67,7,sample18,1800.00,C
68,7,sample19,1900.00,A
69,7,sample20,2000.00,B
70,7,sample01,100.00,A
71,7,sample02,200.00,B
72,7,sample03,300.00,C
73,7,sample04,400.00,A
74,7,sample05,500.00,B
75,7,sample06,600.00,C
76,7,sample07,700.00,A
77,7,sample08,800.00,B
78,7,sample09,900.00,C
79,7,sample10,1000.00,A
80,7,sample11,1100.00,B
81,7,sample12,1200.00,C
82,7,sample13,1300.00,A
83,7,sample14,1400.00,B
84,7,sample15,1500.00,C
85,7,sample16,1600.00,A
86,7,sample17,1700.00,B
87,7,sample18,1800.00,C
88,7,sample19,1900.00,A
89,7,sample20,2000.00,B
90,7,sample01,100.00,A
91,7,sample02,200.00,B
92,7,sample03,300.00,C
93,7,sample04,400.00,A
94,7,sample05,500.00,B
95,7,sample06,600.00,C
96,7,sample07,700.00,A
97,7,sample08,800.00,B
98,7,sample09,900.00,C
99,7,sample10,1000.00,A
100,7,sample11,1100.00,B
101,7,sample12,1200.00,C
102,7,sample13,1300.00,A
103,7,sample14,1400.00,B
104,7,sample15,1500.00,C
105,7,sample16,1600.00,A
106,7,sample17,1700.00,B
107,7,sample18,1800.00,C
108,7,sample19,1900.00,A
109,7,sample20,2000.00,B
110,7,sample01,100.00,A
111,7,sample02,200.00,B
112,7,sample03,300.00,C
113,7,sample04,400.00,A
114,7,sample05,500.00,B
115,7,sample06,600.00,C
116,7,sample07,700.00,A
117,7,sample08,800.00,B
118,7,sample09,900.00,C
119,7,sample10,1000.00,A
120,7,sample11,1100.00,B
121,7,sample12,1200.00,C
122,7,sample13,1300.00,A
123,7,sample14,1400.00,B
124,7,sample15,1500.00,C
125,7,sample16,1600.00,A
126,7,sample17,1700.00,B
127,7,sample18,1800.00,C
128,7,sample19,1900.00,A
129,7,sample20,2000.00,B
130,7,sample01,100.00,A
131,7,sample02,200.00,B
132,7,sample03,300.00,C
133,7,sample04,400.00,A
134,7,sample05,500.00,B
135,7,sample06,600.00,C
136,7,sample07,700.00,A
137,7,sample08,800.00,B
138,7,sample09,900.00,C
139,7,sample10,1000.00,A
140,7,sample11,1100.00,B
141,7,sample12,1200.00,C
142,7,sample13,1300.00,A
143,7,sample14,1400.00,B
144,7,sample15,1500.00,C
145,7,sample16,1600.00,A
146,7,sample17,1700.00,B
147,7,sample18,1800.00,C
148,7,sample19,1900.00,A
149,7,sample20,2000.00,B
